label,SERRF
0.55_498.30,0.247445851312905
0.56_143.11,0.109105736014244
0.56_239.13,0.139469856557424
0.56_249.15,0.149311610906488
0.56_333.21,0.0528191890934161
0.56_493.26,0.31401989382287
0.56_497.29,0.23361640001044
0.57_313.12,0.577112218444002
0.58_197.06,1.60315424390974
0.58_498.93,0.0389281334382513
0.59_329.09,0.738289161474442
0.59_339.27,0.0324449846356781
0.59_431.32,0.122287486896178
0.62_157.12,0.0753591408231203
0.62_982.99,0.0342118758847974
0.64_1019.95,0.0281325917841281
0.64_966.00,0.0448979434236955
0.65_241.10,0.316444723008431
0.65_265.15,0.537325531173532
0.65_311.22,1.17040477792077
0.65_351.16,0.0910510983219227
0.65_481.30,0.310240996019889
0.65_805.99,0.0197955214284847
0.66_223.03,0.0838987573386496
0.66_239.06,0.0537084706173832
0.66_955.97,0.0611154239289012
0.67_297.15,0.198339643547988
0.68_1003.96,0.0311440531905065
0.68_311.17,0.375730979860406
0.69_119.04,0.0342211278380935
0.70_1019.95,0.0482924676024867
0.70_171.14,0.0684863759956136
0.71_982.99,0.0294768228787963
0.73_271.23,0.058640558904243
0.73_479.28,0.0299652149377225
0.74_295.23,0.680172767694973
0.75_279.16,0.12855205143757
0.76_309.17,0.250907144310222
0.76_481.30,0.0549636448837232
0.77_311.24,0
0.77_343.23,0.209857408514879
0.78_229.18,0.916188803341438
0.78_805.99,0.0417735624404863
0.78_982.99,0.0350627176134775
0.79_1003.96,0.0535014743331875
0.79_1019.95,0.0547034368076454
0.79_293.21,0.167226759770304
0.79_955.97,0.0630196723600315
0.79_966.00,0.0394130384038486
0.80_185.15,0.123049032582442
0.80_271.23,0.313262706447072
0.80_293.18,0.554712293060409
0.80_297.24,0.120398190188385
0.80_319.23,0.610180033213445
0.80_325.26,1.01536708912472
0.80_339.20,0.252087834322712
0.80_353.20,0.157558955005938
0.80_421.23,0.796705454642217
0.82_430.87,0.11958666294959
0.84_955.97,0.033008406285855
0.85_1003.96,0.0310882641539198
0.85_1019.95,0.0230109435749499
0.91_293.18,0.432278390962375
0.92_1003.96,0.0257691643689397
0.92_1019.95,0.0235306660595081
0.92_119.04,0.0257366022806943
0.92_271.23,0.533258486097783
0.92_805.99,0.0370391315685547
0.92_955.97,0.0375857442929685
0.92_966.00,0.0400138167277375
0.94_325.18,0.454970696830095
0.99_526.31,0.125126883780938
1.00_1003.96,0.0299845778552173
1.00_1019.95,0.0282494575108881
1.00_119.04,0.0190346298302539
1.00_199.17,0.11798151209997
1.00_805.99,0.0426890520395085
1.00_955.97,0.025279727586271
1.00_966.00,0.0276403927698805
1.03_299.26,0.144437424164197
1.05_339.20,0.238199790088311
1.07_337.20,0.206459471406073
1.09_233.15,0.0276741253287286
1.10_307.20,0.146617717083889
1.11_552.33,0.0864647585979388
1.13_1019.95,0.0244455668379506
1.13_225.19,0.0274469315845281
1.13_602.35,0.0796858481248114
1.13_805.99,0.0365716138487024
1.13_955.97,0.028706650773358
1.15_119.04,0.0186503799390064
1.15_339.20,0.174868651614423
1.15_578.35,0.104782057762963
1.15_966.00,0.0376062578692931
1.16_1003.96,0.0197194327021155
1.16_626.35,0.0309136145788299
1.17_524.28,0.0574614707171164
1.17_982.99,0.0292025407287031
1.18_250.14,0.186981887365265
1.19_1021.95,0.0386932851061978
1.19_297.24,1.10175277021856
1.20_955.97,0.0112935347969856
1.21_528.31,0.0854038067809765
1.21_602.35,0.0784165246427662
1.23_213.19,0.11714354008399
1.23_500.28,0.188619081910879
1.24_504.31,0.120075133461066
1.24_578.35,0.15280810671841
1.25_381.23,0.164220532976313
1.26_476.28,0.206079068502672
1.27_1019.95,0.0516979366483737
1.27_982.99,0.0224981723600587
1.28_955.97,0.0180123957573387
1.29_1003.96,0.0318332206653718
1.30_119.04,0.027485542721547
1.30_805.99,0.0349178288675657
1.30_966.00,0.0365688798030146
1.31_628.36,0.0541378308653493
1.34_1019.95,0.0394078271471439
1.34_955.97,0.0255510503099826
1.34_980.02,0.0344539802337316
1.35_251.20,0.0976003387357491
1.35_321.21,0.21027399800415
1.35_464.28,0.0264190023093289
1.36_425.26,0.0810686171959227
1.37_299.26,0.099477332211418
1.37_351.22,0.0814984092873247
1.38_480.31,0.0217748550967896
1.38_554.35,0.0300583355495263
1.41_301.22,0.0516263754978251
1.42_239.20,0.536860590027238
1.42_299.20,0.223434420762505
1.44_604.36,0.0657315495130569
1.45_205.16,0.0744057372988787
1.48_299.26,0.0729221192551273
1.49_1019.95,0.0424394671019778
1.49_301.22,0.102265654624687
1.49_599.32,0.0352353307975584
1.49_805.99,0.0386698368153129
1.49_955.97,0.0362153963360303
1.49_966.00,0.0361368793342283
1.50_1003.96,0.0333442709986566
1.50_119.04,0.0183461363971898
1.51_1049.68,0.0495157275926814
1.51_277.22,0.0526971918819127
1.51_480.31,0.0204547578163095
1.51_491.24,0.0377769497854897
1.51_530.30,0.0444012894548106
1.51_554.35,0.0108716937287809
1.51_636.35,0.0358353628548477
1.51_712.33,0.039050392573506
1.52_452.28,0.0802356250377529
1.53_580.36,0.0311193601991657
1.54_227.20,0.051268003518045
1.54_395.25,0.102101546519147
1.54_489.26,0.0820228203600312
1.58_955.97,0.0160182267417819
1.60_1003.96,0.0227171532153268
1.60_1019.95,0.0403987567626539
1.60_805.99,0.0289942639724126
1.60_966.00,0.0375933789670575
1.60_982.99,0.0238037740018281
1.61_119.04,0.0153438444211831
1.62_409.24,0.061602119758941
1.63_327.23,0.0414580154083205
1.66_506.32,0.0352809605282661
1.66_580.36,0.029841077369935
1.67_955.97,0.0219982309101141
1.69_478.29,0.0385527055254349
1.72_253.22,0.0429709833967638
1.72_335.22,0.0422019981023298
1.72_538.35,0.0696645039235523
1.75_580.36,0.0282554059197927
1.77_436.28,0.0773457679645231
1.78_253.22,0.0413151682956615
1.78_540.37,0.0566796370767942
1.78_568.36,0.0409371940745626
1.82_241.22,0.09693953784588
1.83_303.23,0.27932323650164
1.84_606.38,0.0569369650106401
1.85_445.33,0.196305067865992
1.86_467.37,0.222990985806299
1.87_955.97,0.0253441232133016
1.88_119.04,0.0288086847293948
1.88_537.42,0.0829451095203614
1.89_980.02,0.0325165382690159
1.91_1003.96,0.0382105634254512
1.91_1019.95,0.0390808365253253
1.91_805.99,0.0360427063511805
1.91_966.00,0.0845050233171392
1.93_119.04,0.0256015734482698
1.93_241.22,0.0412776258347358
1.93_955.97,0.0485973482397424
1.96_279.24,0.0619899475502592
1.96_361.24,0.151165086425544
1.96_377.22,0.0564116083176431
1.96_437.22,0.0268298474974325
1.97_445.33,0.127098351042305
1.98_1003.95,0.0306875650846045
1.98_369.24,0.0519576984100118
10.01_955.97,0.034826140021284
10.01_982.99,0.0222323798208268
10.05_119.04,0.0253981593612371
10.08_1003.96,0.0169136807380005
10.08_1019.95,0.0284719826437816
10.08_125.90,0.0831606454412448
10.08_805.99,0.0217686392974367
10.09_955.97,0.0180736943550088
10.10_119.04,0.0236091939317538
10.15_1003.96,0.022942777958667
10.16_119.04,0.0236684378639569
10.16_955.97,0.0317186291556166
10.18_125.90,0.0709533944996367
10.18_805.99,0.0185606334221455
10.19_1019.95,0.0229943153563825
10.22_1003.96,0.0223148705893991
10.22_377.27,0.0974514207844343
10.22_955.97,0.0149582601747536
10.23_119.04,0.0227363930923616
10.27_125.90,0.0577411997339185
10.28_377.27,0.0707962286060983
10.29_955.97,0.0204649019721322
10.32_114.94,0.0436131240548371
10.34_125.90,0.0770616740825703
10.36_955.97,0.0167654641074383
10.42_255.23,0.076348233286568
10.47_255.23,0.0319910089655808
10.47_283.26,0.0230502015159942
10.47_377.27,0.0602467351239216
10.48_184.04,0.0993589908189696
10.48_244.07,0.089247995086247
10.49_279.23,0.307861804003938
10.50_337.24,0.0467691017608549
10.52_284.27,0.12137325915022
10.54_123.90,0.0725699229002077
10.56_283.26,0.0338607648924142
10.60_125.90,0.0614418744393217
10.62_377.27,0.0526275773739853
10.68_119.04,0.0245787344913112
10.69_805.99,0.0211727909176131
10.69_955.97,0.0251987761541431
10.70_1019.95,0.0190448566090442
10.74_1003.96,0.0271966753226084
10.74_981.02,0.0200428483657515
10.75_114.94,0.0315744898055572
10.79_1019.95,0.0328366668728453
10.80_1054.89,0.828313748836129
10.81_1053.89,1.24664123447125
10.83_119.04,0.0191725476043825
10.84_1003.96,0.02555826596758
10.84_1019.95,0.0210958301124751
10.84_805.99,0.0274333058678143
10.84_955.97,0.020011509083496
10.84_982.99,0.0248484086375819
10.89_119.04,0.0765848440554806
10.90_244.06,0.111825638051217
10.90_731.51,0.448263941313116
10.92_1003.96,0.0418065077356791
10.92_1019.95,0.0248940947003474
10.92_377.27,0.108589324147523
10.92_805.98,0.0295393774975414
10.92_980.02,0.0234410901271793
10.93_955.97,0.0255269975802303
10.94_119.04,0.0213751204978182
10.95_983.99,0.0206075347769453
10.98_1019.95,0.020721905347421
10.98_805.99,0.0309225902054032
10.99_955.97,0.0193237818765739
10.99_982.99,0.0205894368442508
11.00_1003.96,0.015858593961346
11.00_119.04,0.0845553696415284
11.37_982.99,0.0193525890475056
11.41_1019.95,0.0128583257996185
11.41_119.04,0.031619495512773
11.42_1003.96,0.0334331162680879
11.42_805.99,0.0277859558524374
11.42_955.97,0.0121442287935737
11.43_114.94,0.0428543144906167
11.47_1003.96,0.0341350828137166
11.47_119.04,0.0222308808428796
11.48_1019.95,0.0161937842125303
11.48_983.99,0.037749840429547
11.50_805.99,0.0405786043864792
11.50_955.97,0.0169784176474636
11.53_956.97,0.0639993465632925
11.54_1019.95,0.0220769929495696
11.55_805.99,0.0273002806903951
11.55_980.02,0.0295351469901796
11.57_955.97,0.0279184938997988
11.58_1020.95,0.0475743410816937
11.60_123.90,0.0826728211877105
11.68_805.98,0.0397457498509483
11.69_114.94,0.0274605399050825
11.72_1003.96,0.0202406967917793
11.73_805.99,0.0216441218032871
11.74_121.03,0.0998670650832976
11.75_955.97,0.0416207215074418
11.78_1019.95,0.0187955355142225
11.80_121.03,0.113137434314088
11.80_171.10,0.137902639602705
11.80_955.97,0.012798173110702
11.92_1003.96,0.0296646131866383
11.93_955.97,0.0311001718836451
11.94_805.99,0.026665955739685
11.94_980.02,0.0281336543429813
11.95_1019.95,0.0287526372258583
11.95_98.95,0.0469991999850324
11.98_955.97,0.0256449757844638
12.00_1019.95,0.0321070689485928
12.00_805.99,0.025242639699155
12.01_983.99,0.0314414522669071
12.02_1003.96,0.0308317255109674
12.08_957.97,0.0341857762414638
12.09_171.10,0.0830265753318102
12.10_1020.95,0.0330620063583018
12.11_805.99,0.031792167985695
12.11_98.95,0.0207107034516116
12.12_1019.95,0.0218611043029078
12.12_955.97,0.0219292916390559
12.14_1003.96,0.0276814874803141
12.16_98.95,0.0331959687707069
12.17_1019.95,0.0198668629068724
12.17_805.99,0.0281723283872091
12.18_955.97,0.0283319076798184
12.20_956.97,0.0239147211028127
12.21_1003.96,0.0298037903844438
12.21_171.10,0.105150880287879
12.22_805.99,0.0272463536097307
12.23_256.07,0.511821177863861
12.23_955.97,0.0212098507340011
12.24_1005.95,0.0815111231445682
12.24_1019.95,0.0157070558884182
12.26_61.99,0.0700521234284551
12.28_955.97,0.0254396028242459
12.31_1019.95,0.0248597420147979
12.33_1020.95,0.042869423464386
12.33_955.97,0.0257026111889012
12.34_157.09,0.0880217501695975
12.34_171.10,0.0769938076419449
12.35_1003.96,0.0225115714667188
12.35_805.99,0.0344128276425396
12.36_98.95,0.0377118037833173
12.36_982.99,0.0332983368712943
12.37_256.07,0.203770577045931
12.37_956.97,0.026562153285947
12.38_61.99,0.0695182766584452
12.39_1019.95,0.0166750298590834
12.39_183.10,0.108480784253061
12.39_955.97,0.0194736866099428
12.41_983.99,0.0299796990512078
12.43_1020.95,0.0330058839221238
12.43_956.98,0.0213709867208333
12.44_1003.96,0.0320852048403744
12.44_94.98,0.127524391083189
12.44_982.99,0.0324171191079788
12.45_1019.95,0.0145733681007075
12.45_183.10,0.0810810513184941
12.45_61.99,0.0850633801969971
12.46_157.09,0.0878550283398274
12.46_256.06,0.497671578854654
12.48_171.10,0.081874139663099
2.01_955.97,0.0239843712905385
2.03_329.25,0.0493454559926017
2.05_279.23,0.0602177003680821
2.09_329.25,0.149524401473161
2.12_582.38,0.0398709431689059
2.12_982.99,0.0272803720923587
2.13_267.23,0.0240555422520435
2.14_415.32,0.0783060755396941
2.14_539.43,0.0455820408632911
2.14_955.97,0.021165610151101
2.15_279.23,0.0453710105117736
2.19_1019.95,0.0134376796812418
2.20_1003.96,0.0231680849294296
2.20_267.23,0.253484333763945
2.20_966.00,0.0252578081531205
2.21_119.04,0.020937671056605
2.21_955.97,0.0259850915175868
2.22_539.43,0.0520014014834578
2.22_805.99,0.033609702458789
2.25_305.25,0.0801417076029365
2.27_255.23,0.0718865387944367
2.28_955.97,0.0236602252449766
2.30_158.98,0.133263484369658
2.30_539.43,0.0582726526472678
2.31_508.34,0.0278348724329792
2.31_519.27,0.043432438303146
2.31_558.33,0.0332737179000748
2.31_582.38,0.0216478488106432
2.31_664.38,0.0424912527633284
2.32_132.92,0.121202193066429
2.35_355.26,0.0483172056425519
2.35_480.31,0.018948881282583
2.38_258.25,0.0507256311704541
2.39_533.45,0.0831674025027757
2.39_609.44,0.0701177275503029
2.40_305.25,0.106951414369863
2.43_1003.96,0.0364997314097265
2.43_119.04,0.0167860948169551
2.43_805.99,0.0421105334195574
2.45_608.39,0.0623413759956753
2.47_955.97,0.0257798319633138
2.49_1003.96,0.0300029479076777
2.49_119.04,0.017109221038764
2.49_982.99,0.0270501270370224
2.50_1019.95,0.0391576782965642
2.50_966.00,0.0421227172599774
2.51_955.97,0.0201967292420396
2.52_980.02,0.0301470846739194
2.53_1003.96,0.0231079615309273
2.54_805.99,0.0262914167085799
2.54_966.00,0.0379057448509878
2.57_119.04,0.018075573948114
2.58_331.26,0.0693737140739564
2.60_281.25,0.0213078650901828
2.60_281.31,1.39540839852193
2.60_363.25,0.0354996982468913
2.60_377.24,0.0352377738813505
2.60_379.23,0.0310369496725572
2.60_439.24,0.0362575949184799
2.60_445.25,0.0384541344770811
2.60_563.50,0.0406730760868939
2.60_585.49,0.039907345066738
2.60_613.52,0.0268674210489243
2.63_339.23,0.0337921278341346
2.63_805.99,0.708180739427809
2.63_955.97,1.09217116791002
2.64_966.00,0.922476657608412
2.67_464.31,0.0492114978618075
2.68_1003.96,0.0676734625607805
2.68_1019.95,0.0600855880310789
2.68_805.99,0.0489944831444464
2.68_982.99,0.0899394850997746
2.69_119.04,0.127969082402529
2.69_955.97,0.0845808593472449
2.69_966.00,0.0936272626642227
2.72_281.25,0.0843573712708538
2.75_269.25,0.028545504118581
2.76_1019.95,0.0562340767317279
2.76_805.99,0.0494002942221466
2.76_966.00,0.041629921303937
2.77_955.97,0.0388655252432933
2.77_982.99,0.0260620910167516
2.78_1003.96,0.0325251952429562
2.79_465.30,0.280740713209505
2.82_307.27,0.0421304386951085
2.82_357.28,0.0594647307990078
2.83_955.97,0.0453999842575362
2.87_269.25,0.0316148957702382
2.88_547.31,0.0313135488299597
2.89_281.25,0.0385515207795432
2.89_357.28,0.0648087313169995
2.89_415.31,0.04870345703506
2.90_591.39,0.030727643947221
2.91_307.26,0.0916931518873891
2.92_593.48,0.0709154218376181
2.93_242.18,0.178166957380143
2.93_505.34,0.0308972338257648
2.99_269.25,0.0491917839932862
3.00_605.41,0.0592024880808946
3.01_295.26,0.0331422367736746
3.01_593.48,0.0624215618721016
3.01_957.97,0.0401245270939257
3.03_333.28,0.0575261881279443
3.03_479.32,0.0423756059897655
3.04_1003.96,0.0348713513989694
3.04_157.12,0.223618639320197
3.04_242.18,0.14409386774298
3.05_1019.95,0.0555545504376834
3.05_119.04,0.0266454229431282
3.05_805.99,0.0476160580687554
3.05_955.97,0.046441344184815
3.05_966.00,0.0494751917276224
3.07_386.33,0.0375836865017465
3.08_403.31,0.030404044885225
3.08_403.39,1.0775937769552
3.08_495.41,0.0375108453804972
3.09_441.40,0.0441285842004732
3.10_333.28,0.0425847752358189
3.13_495.32,0.042049740575783
3.13_955.97,0.0277163644013593
3.14_114.94,0.0610287299138191
3.16_957.97,0.0715460098850774
3.18_158.98,0.100070161124909
3.18_493.34,0.0514805969948402
3.18_595.49,0.0460874525456922
3.19_359.30,0.0455969112801453
3.19_955.97,0.0305270229144547
3.21_509.33,0.047584511639792
3.21_980.02,0.0391544353386672
3.22_1003.96,0.0481628673553548
3.22_397.33,0.0354685746531744
3.23_805.99,0.0372172557559683
3.23_966.00,0.0604621046909184
3.24_1019.95,0.0459652248994512
3.24_957.97,0.0478036207614153
3.25_397.37,0.0451678396516615
3.25_595.49,0.0490709826151057
3.26_507.35,0.0746887241078314
3.27_309.28,0.0423175553171058
3.27_955.97,0.0354646920245001
3.28_980.02,0.0280362220057992
3.29_805.99,0.0438469266708293
3.30_1003.96,0.04590882185778
3.30_966.00,0.0504140873788757
3.31_1019.95,0.0429577718680748
3.32_417.32,0.179103240151464
3.32_435.35,0.0721249442857483
3.34_385.31,0.0778645377518621
3.35_309.28,0.0743652456233973
3.35_595.49,0.093733528382489
3.36_956.97,0.077502293445859
3.37_981.02,0.0456854442980488
3.38_1003.96,0.0322273987329297
3.38_1019.95,0.0422243538733755
3.38_297.28,0.0557229214081693
3.38_955.97,0.0324619396942306
3.40_119.04,0.0162217845226388
3.40_805.99,0.0404418845906831
3.40_966.00,0.0360148167118096
3.41_983.99,0.0315507925014896
3.42_383.35,0.252801726493569
3.45_311.30,0.0752470034685959
3.46_335.30,0.128385017883635
3.47_297.28,0.350898758634365
3.47_411.38,0.221170483214334
3.47_595.49,0.252972491039451
3.56_694.46,0.0252896860716482
3.57_459.33,0.592024593576046
3.62_437.36,0.0366496952251828
3.63_459.33,0.443338842895528
3.65_387.33,0.0819859906974247
3.68_832.57,0.0673683519690269
3.69_459.33,0.521778057931812
3.69_583.38,0.0557907205176908
3.69_705.52,0.0480350264025834
3.71_557.46,0.312779100915456
3.76_311.30,0.0549348604549865
3.76_832.57,0.0695384116023279
3.78_731.53,0.0633684503181201
3.81_337.31,0.0790755418531693
3.86_794.51,0.0457626110603396
3.86_955.97,0.0281962976911431
3.88_1019.95,0.0385621767721415
3.88_805.99,0.0535227567388585
3.88_966.00,0.0466282821846718
3.88_982.99,0.0223773546390632
3.89_1003.96,0.0315750960225523
3.90_1151.70,0.0430760321715518
3.90_119.04,0.0179885342046669
3.90_955.97,0.0267255836292327
3.91_337.31,0.0893977347838673
3.91_913.58,0.0608279717757071
3.92_363.33,0.0488166457356738
3.92_519.35,0.807825923135847
3.94_778.51,0.0508463672860471
3.98_955.97,0.12419744030098
3.99_881.52,0.108916780721444
4.00_439.38,0.056501252868286
4.05_1019.95,0.0484736537669806
4.06_807.50,0.0846045091416876
4.07_119.04,0.0264919316065457
4.07_459.33,0.490646385595315
4.07_805.99,0.0469673675447158
4.08_1003.96,0.0316944919348425
4.08_955.97,0.0473144080007498
4.10_857.52,0.0740787503910446
4.10_939.52,0.0844350211681414
4.15_883.53,0.0671123931692154
4.17_833.52,0.0760778261989453
4.21_1003.96,0.0251419395725869
4.22_859.53,0.0755574617578131
4.22_883.53,0.0633374266685263
4.24_659.51,0.0583095777102737
4.24_709.50,0.0779609834247271
4.24_733.55,0.0612435386975544
4.24_815.55,0.0796440872214995
4.25_1019.95,0.0172516763899388
4.25_119.04,0.0438953390066495
4.25_805.99,0.0244392923960513
4.28_828.56,0.0316167762780958
4.28_883.53,0.0794795393828686
4.30_859.53,0.0716806367406422
4.30_955.97,0.0267180617127488
4.31_836.54,0.0695703691989344
4.33_735.52,0.0426634789835134
4.34_685.53,0.0371468643241984
4.34_736.51,0.0556581976254632
4.34_759.57,0.0257632931892819
4.34_841.57,0.0296989964327885
4.34_923.57,0.0523857718429828
4.35_838.56,0.044872204216085
4.35_871.53,0.0835562861529773
4.39_862.56,0.0639701736409518
4.42_339.33,0.582415860176043
4.44_1019.95,0.0272735099952535
4.44_365.34,0.473032743582547
4.44_955.97,0.0310337513728026
4.45_119.04,0.0242992523566288
4.45_735.56,0.0642414098718848
4.45_805.99,0.0511696667364647
4.45_812.54,0.0628201635122598
4.45_966.00,0.0343501318519755
4.47_909.55,0.106865284934115
4.48_785.58,0.0564945926067812
4.49_809.52,0.104193512443165
4.50_1003.96,0.0370496026606237
4.50_888.57,0.0530504936293565
4.51_1019.95,0.0268741101478591
4.51_119.04,0.0230489140291103
4.51_365.34,0.0669966961184921
4.51_805.99,0.0495453629063349
4.51_966.00,0.0381003360320492
4.51_982.99,0.0478413833462129
4.52_955.97,0.04018807723245
4.54_673.53,0.0405518750219864
4.54_747.57,0.0417518326896325
4.54_788.54,0.0573878606057992
4.55_835.53,0.111558394042886
4.55_837.54,0.105559004168122
4.58_1003.96,0.0312414539811822
4.59_1019.95,0.0194153758720466
4.59_805.99,0.0317553479325386
4.59_850.56,0.0551797994638955
4.59_955.97,0.0199695383744506
4.59_966.00,0.0512182117862583
4.61_1049.55,0.0407855915028098
4.61_885.55,0.0695952589576859
4.61_967.55,0.054301686779859
4.62_814.56,0.0369879448814447
4.63_911.56,0.117455031298837
4.64_815.56,0.0444719199055675
4.64_864.57,0.03054734595278
4.65_838.56,0.0732542747970764
4.65_920.56,0.0762574493826875
4.66_764.52,0.0744326676036821
4.68_747.52,0.142434585040673
4.68_861.55,0.0930916251668624
4.69_943.55,0.0377401113326928
4.71_865.58,0.0863929895871177
4.72_814.56,0.057332904131098
4.72_955.97,0.0213188565397917
4.75_810.53,0.0973278654567129
4.75_826.56,0.0365279423210182
4.75_840.58,0.0225190887985127
4.75_842.58,0.0251087727443688
4.75_922.58,0.033162982876398
4.76_736.49,0.135597284161054
4.76_982.99,0.0246230578066725
4.77_1003.96,0.0359627238696226
4.77_1019.95,0.0360140320280971
4.77_353.34,0.0421247395192901
4.77_805.99,0.0290743908942617
4.77_864.57,0.0596302332350797
4.78_955.97,0.0327685136557394
4.79_114.94,0.0430412806264553
4.81_814.56,0.123176072180981
4.83_802.56,0.0358666694846788
4.84_773.53,0.0479417095575807
4.84_843.58,0.03974047964115
4.84_849.55,0.0922399811476683
4.84_912.57,0.0769306061505395
4.84_925.59,0.0486822973520332
4.85_1464.14,0.0603327659429456
4.85_616.47,0.0427037970446566
4.85_687.54,0.0294366693361762
4.85_737.54,0.0554359706559101
4.85_761.58,0.02686729804879
4.85_887.57,0.0696010725727417
4.86_712.49,0.280553664589194
4.86_739.53,0.170505047627969
4.86_861.55,0.373098651767918
4.88_1189.75,0.0796748968405534
4.88_1567.14,0.0370911158759298
4.88_762.51,0.132230528957203
4.88_860.61,0.0514604573173823
4.88_899.57,0.0639557077746934
4.88_920.63,0.0675874303601283
4.89_1670.14,0.0782276222674858
4.89_738.51,0.118363906584894
4.89_790.54,0.0747799941226463
4.89_850.56,0.163156912651637
4.89_864.58,0.0543333267847164
4.89_896.59,0.0549764026118299
4.89_946.58,0.032582654721548
4.89_967.66,0.391349240936053
4.90_840.53,0.0813223485642908
4.90_840.57,0.144667463966098
4.91_737.54,0.0315125544954973
4.92_611.52,0.0522525475743854
4.92_659.51,0.0631468566230462
4.92_712.49,0.10601465877631
4.92_735.52,0.0312076227811687
4.92_739.51,0.107904136094195
4.92_842.54,0.075296413329994
4.92_861.55,0.0962478709866979
4.92_898.59,0.0505277489769969
4.93_377.27,0.172314916639095
4.93_714.55,0.118017997285762
4.93_752.53,0.0362128047535531
4.93_774.57,0.135539680116628
4.93_835.53,0.104284839386015
4.93_897.58,0.0494179873624157
4.94_367.24,0.0372432122992892
4.94_681.51,0.0520604603984461
4.94_732.50,0.149300981932253
4.94_750.53,0.0527872450397368
4.94_764.54,0.0835789016626176
4.94_765.54,0.0662693636327524
4.94_778.54,0.172815103627736
4.94_840.57,0.295731438698496
4.94_890.59,0.0994388315530499
4.95_123.90,0.0800932134342723
4.96_116.93,0.0597736761816167
4.96_764.53,0.20703349196446
4.96_765.53,0.238874238712405
4.96_787.60,0.0512684256981981
4.96_789.60,0.0532286243275494
4.96_792.55,0.150423049794707
4.97_114.94,0.029945939078954
4.97_612.39,0.0777283856984951
4.97_762.51,0.138725111460262
4.97_869.60,0.0285186840516871
4.98_792.56,0.102552683559856
4.99_491.36,0.0921589190318477
4.99_766.54,0.43651539808425
4.99_790.56,0.0608806014778488
4.99_840.58,0.610697163095898
4.99_844.51,0.0654153971962267
4.99_872.56,0.0588444946241556
5.00_890.59,0.0883156731482258
5.02_746.51,0.621520585232778
5.02_762.51,0.138757647286282
5.02_872.56,0.0589893965284467
5.02_887.57,0.0806317544334693
5.03_764.52,0.147742902778332
5.03_791.56,0.0529238638785878
5.04_367.36,0.0589950196063632
5.04_544.45,0.0638211158829643
5.04_720.50,0.113938324984004
5.05_1622.14,0.0305274340178663
5.05_568.49,0.0791766301334758
5.05_766.54,0.0288313864176232
5.05_816.54,0.0477826098006473
5.05_816.58,0.242345475512986
5.05_837.55,0.135004307132628
5.05_840.58,0.0208685571902709
5.05_922.58,0.0232475763880206
5.06_788.52,0.145885002872527
5.06_818.53,0.0147976473799111
5.07_746.51,0.108980410227135
5.08_491.36,0.115055127052538
5.09_749.54,0.41622347951486
5.09_763.60,0.0378873321487239
5.09_764.52,0.160932695027945
5.09_792.56,0.0930086132017889
5.09_866.59,0.0384153714613968
5.09_868.60,0.0299352426705733
5.10_948.59,0.0461106597554377
5.11_698.56,0.07169161745538
5.11_734.53,0.0647325808338521
5.11_775.60,0.0650741720956087
5.11_863.57,0.113939347640308
5.12_114.94,0.0408690773936951
5.12_393.37,0.045320674249878
5.12_758.58,0.0964690582576187
5.12_789.53,0.113685231213115
5.12_842.59,0.349227251674178
5.12_848.58,0.047602056419337
5.13_377.27,0.0327141748543184
5.13_688.49,0.0843649409319178
5.13_722.51,0.0295060514606937
5.13_746.51,0.0729453136680311
5.13_788.52,0.116455634878808
5.14_1003.95,0.0207364934642686
5.14_1019.95,0.0298019303926364
5.14_594.51,0.0673341408039492
5.14_792.53,0.0315033592165362
5.14_898.58,0.0381054699040679
5.15_1574.14,0.0325421819031658
5.15_381.37,0.0592651895596347
5.15_738.51,0.0521999753085474
5.15_742.54,0.0323039830298158
5.15_802.56,0.116490782243221
5.15_816.58,0.0333415468751237
5.16_764.52,0.0732656722513916
5.16_842.59,0.404205264001603
5.17_473.40,1.23746195630237
5.17_818.59,0.901654521923517
5.17_889.58,0.0703248869582161
5.18_1507.09,0.0597365151634691
5.18_1533.15,0.0655188239724352
5.18_367.36,0.0698659588921679
5.19_1019.95,0.0245164425717811
5.19_749.54,0.0243016927582675
5.19_805.99,0.0301067126271082
5.19_817.58,0.449104244251122
5.20_775.60,0.0200575626978133
5.20_955.97,0.0437570370134952
5.21_866.59,0.0962270328213596
5.23_842.59,0.0182001319755577
5.23_843.59,0.0212589993981515
5.23_844.60,0.0274396747434514
5.24_764.52,0.141030236418467
5.24_765.53,0.160250794659
5.25_570.47,0.285033101219153
5.25_850.60,0.0608615889965633
5.27_1003.96,0.0255344117837252
5.27_114.94,0.053049199638537
5.27_892.61,0.0779827583328549
5.28_1019.95,0.0229330260645555
5.28_119.04,0.0300921541072763
5.28_746.51,0.143423533110826
5.28_805.99,0.0394235411939332
5.28_866.59,0.0605352558367696
5.29_714.51,0.161506487687936
5.29_818.55,0.0374716543629408
5.30_738.51,0.121582013577508
5.30_868.61,0.0256767317165545
5.30_955.97,0.0236320638274269
5.31_764.52,0.131776861380536
5.31_765.53,0.137210955586427
5.31_824.58,0.0496260241644345
5.32_1003.96,0.0276499548924467
5.32_1626.17,0.0657147290042683
5.32_768.55,0.0396941938903382
5.32_772.53,0.135653308720289
5.32_776.52,0.160245674462546
5.32_842.59,0.0435467909731827
5.33_740.52,0.163136357473752
5.33_818.55,0.0310480432594446
5.33_820.55,0.0594767681368623
5.33_924.59,0.0266182592868892
5.34_1006.60,0.0515836171077706
5.34_804.58,0.0487595912842591
5.35_119.04,0.0309683918887954
5.36_381.37,0.165666552095934
5.36_816.57,0.0540309280899494
5.36_850.60,0.0512923577186088
5.38_1019.95,0.029205504995834
5.38_1171.74,0.296896518598251
5.38_558.47,0.0502550951731566
5.38_582.51,0.0748868016637829
5.38_748.53,0.12234979349266
5.38_805.99,0.025456543950687
5.38_854.59,0.0305457407628504
5.39_830.59,0.0607070147733642
5.39_868.61,0.0403322662714923
5.39_869.61,0.0276219526889506
5.39_955.97,0.0419939887003967
5.40_1003.96,0.0203209655391332
5.40_1173.76,0.0385952518420536
5.40_764.52,0.147430754640392
5.41_119.04,0.0312248072946112
5.41_491.36,0.0502722068172753
5.41_765.53,0.147031703822379
5.42_114.94,0.0236622098028004
5.42_749.53,0.0588560534666511
5.43_748.53,0.0898793170373638
5.43_800.58,0.0221689488114519
5.43_826.60,0.0168257597245008
5.43_908.60,0.0585348165503338
5.43_982.99,0.0199706203502449
5.44_1174.76,0.0659486390087349
5.44_555.44,0.196212261629837
5.44_740.52,0.125184272303527
5.44_842.59,0.105112581599688
5.45_473.40,0.155979806421587
5.46_1003.96,0.0258994530870031
5.46_1019.95,0.0327051258890665
5.46_722.51,0.041300653366278
5.46_789.61,0.313360180782766
5.46_805.99,0.031548012247738
5.46_852.61,0.0144509328362625
5.46_955.97,0.0286920377590404
5.47_827.59,0.634176639955585
5.47_830.59,0.0331378267198939
5.48_119.04,0.0390809622050614
5.50_760.53,0.140421550800487
5.51_381.37,0.0726266460791529
5.51_748.53,0.0740609122500643
5.51_749.53,0.0898165742014712
5.51_750.53,0.0707637251351633
5.51_818.57,0.0463060440681457
5.51_826.59,0.087445042385465
5.51_868.61,0.0238697027111725
5.51_892.61,0.0582242096881354
5.51_974.61,0.0385960595129905
5.52_842.59,0.041495212420501
5.52_843.59,0.0588389327199796
5.54_1003.96,0.038384978132166
5.54_1019.95,0.0225582555954691
5.54_395.39,0.0306203240921272
5.54_715.58,0.0303492217023197
5.54_765.57,0.0431453605982027
5.54_789.61,0.0320248123352894
5.54_802.60,0.0601741234017872
5.54_805.99,0.0330445382622492
5.54_871.61,0.0250463923623418
5.56_119.04,0.0240724340941467
5.57_790.54,0.37884759658025
5.57_818.59,0.241180617098954
5.58_698.51,0.0918066212370688
5.58_718.54,0.0470861769149044
5.58_724.53,0.0892314336208745
5.58_792.58,0.030386197495515
5.58_828.61,0.0437673813543793
5.58_874.58,0.0422535770372144
5.59_114.94,0.0595042216830018
5.59_123.90,0.0574002058592917
5.59_699.51,0.0926917932736257
5.59_725.53,0.344541827104429
5.61_794.56,0.200513925675385
5.62_748.53,0.584479234268656
5.62_815.63,0.036841576905622
5.63_751.55,0.0360797929549832
5.63_795.55,0.0580200287447063
5.63_841.64,0.0429227253566201
5.63_868.61,0.348160388856031
5.64_724.53,0.0353056173742669
5.64_766.54,0.094330466667656
5.64_790.54,0.132010949858374
5.64_796.55,0.0486462287509058
5.64_900.59,0.0187651082574884
5.65_744.55,0.0488359003425658
5.65_794.55,0.0316977283855461
5.65_818.59,0.034515139538292
5.66_774.54,0.0709867881613906
5.66_804.58,0.100278277354237
5.67_377.27,0.0656989827504965
5.67_792.55,0.140108270698941
5.67_795.57,0.0212508275570358
5.67_955.97,0.0279535180829579
5.68_1628.18,0.0366192005083435
5.68_736.53,0.0373912055226548
5.68_748.53,0.100582866258028
5.68_749.53,0.104418003065391
5.69_794.56,0.0443107875140702
5.70_795.57,0.0413446453821721
5.70_868.61,0.0179214662430201
5.71_1003.96,0.024283667017398
5.71_1019.95,0.0314252254155361
5.71_791.63,1.13207872569211
5.71_805.99,0.0301509628808026
5.71_950.61,0.0522291655160982
5.71_982.99,0.0170629406428546
5.72_536.50,0.0629127733330482
5.72_596.53,0.0884630999028733
5.72_724.53,0.112833063283143
5.72_870.62,2.12857585842201
5.72_894.62,0.0247935722685036
5.73_572.48,0.0558682480468992
5.73_574.48,0.0555815088411123
5.73_716.52,0.158076718181151
5.73_955.97,0.0179342342597471
5.74_867.66,0.0250862599385646
5.76_114.94,0.0418199128641662
5.76_1630.20,0.0654814838180817
5.76_770.57,0.0168981037053931
5.77_791.63,0.0438080569122357
5.79_716.52,0.131737862394233
5.79_736.53,0.0342921371974526
5.79_762.56,0.0650537507457976
5.79_777.57,0.0348341780416656
5.79_926.61,0.0227480902205469
5.80_1008.61,0.0466161254156597
5.80_750.54,0.0621623663651724
5.81_1630.20,0.0360601874552945
5.81_770.57,0.0165761485461794
5.81_820.56,0.04017144611108
5.81_844.61,0.0195423843933368
5.82_766.54,0.09079832661794
5.82_848.54,0.054203367092933
5.83_742.54,0.127649410459057
5.83_792.56,0.124574953604793
5.83_928.61,0.0295962166386816
5.84_870.62,0.0424888344573086
5.85_114.94,0.081446411693984
5.85_781.50,0.0647930973343855
5.87_955.97,0.0107612406658833
5.88_529.46,0.133643585458424
5.88_621.47,0.10154376568165
5.89_1003.96,0.0276448400989742
5.89_1019.95,0.0169756573318865
5.89_119.04,0.0202484186726545
5.89_597.43,0.256084248226857
5.89_776.58,0.0586011010963267
5.89_777.58,0.0233621083256038
5.89_803.63,0.0235506680031416
5.89_805.99,0.0245538220580054
5.89_966.00,0.0446106103664852
5.89_982.99,0.0213653190475183
5.90_832.61,0.0556686597734102
5.90_854.63,0.0366181097983021
5.90_878.63,0.0430110799321286
5.91_114.94,0.0256079339055628
5.92_395.39,0.0522035576788133
5.93_774.54,0.132730307681484
5.93_824.54,0.0771890179613845
5.94_742.54,0.13749004554433
5.94_750.54,0.067863031475174
5.94_802.60,0.0342351273588647
5.95_1003.96,0.027873922661171
5.95_1019.95,0.0282790883058586
5.95_571.50,0.812219847841359
5.95_573.50,0.866303031863827
5.95_805.99,0.041822940710211
5.95_894.62,0.0352072243573649
5.95_955.97,0.0225034393705624
5.95_966.00,0.0400445511837173
5.96_574.50,0.164630848573965
5.96_595.54,0.612191195627844
5.96_598.54,0.058096041058152
5.97_776.56,0.109909190457567
5.97_852.61,0.0586305009547769
5.98_1034.63,0.0422991355835078
5.98_123.90,0.053078686256586
5.98_796.59,0.0166098324525974
5.98_833.61,0.0453324163819435
5.98_846.58,0.0441024860147278
5.98_870.62,0.0186534582011586
5.98_952.63,0.0134416251178833
5.99_675.52,0.0414719802272901
5.99_829.64,0.0487176799263245
5.99_832.61,0.0488271387335798
6.00_605.48,0.0575701913024309
6.00_778.59,0.0242476636572919
6.03_1003.96,0.0256049475984795
6.03_1019.95,0.031809109882959
6.03_805.99,0.0346982313579771
6.03_982.99,0.0281963364296186
6.04_119.04,0.0199429985351309
6.04_870.62,0.109223908058575
6.04_952.63,0.135346005236289
6.04_955.97,0.0264325406319407
6.05_804.61,0.0368299621510988
6.07_596.53,0.0956105377020574
6.07_610.54,0.0456200273622843
6.08_1003.96,0.0392166534328766
6.08_1019.95,0.0384273918173019
6.08_586.50,0.0275382712212465
6.08_710.50,0.0549322197169214
6.09_119.04,0.0216761745595293
6.09_805.99,0.048491514541824
6.09_854.63,0.0241031642589691
6.10_828.61,0.0296711080962389
6.10_880.64,0.0364653087385319
6.11_700.53,0.0520821178696194
6.11_768.55,0.0725527201451973
6.13_750.55,0.0189704177878274
6.13_832.55,0.0399672340874322
6.14_776.56,0.043293810360115
6.14_817.64,0.080407145929605
6.14_858.62,0.0403289672433541
6.14_955.97,0.0226454150807243
6.16_726.54,0.0580796905344319
6.17_114.94,0.0403063486759315
6.17_896.64,0.0288011025360724
6.18_820.61,0
6.18_870.62,0.0387788308868347
6.18_906.66,0.0514132992322565
6.21_796.59,0.0274502658487369
6.21_830.63,0.0353794214879813
6.21_843.66,0.0517179355562041
6.21_845.66,0.0523225737282772
6.22_819.65,0.0355157461678779
6.22_899.65,0.0484659714974253
6.22_981.65,0.0597543427232494
6.23_743.61,0.0289511232602958
6.23_793.60,0.0357577255936949
6.23_817.64,0.0415631254769315
6.24_796.60,0.0270949722341746
6.25_753.56,0.0328940243320956
6.25_820.61,0.0171437035828691
6.25_821.61,0.0332213487466202
6.26_726.55,0.117208218131287
6.26_752.56,0.0397964722099043
6.27_980.02,0.0303699343277319
6.28_727.55,0.11414924731721
6.28_753.55,0.0393718539342607
6.28_845.64,0.0877684533970689
6.29_1033.68,0.0311889163330027
6.29_114.94,0.06975855674956
6.29_795.63,0.0225715691647232
6.29_796.64,0.129645005456154
6.29_869.68,0.0286169567357172
6.29_951.68,0.0338911337817798
6.30_1003.96,0.021922130839941
6.30_1019.95,0.028955243885705
6.30_119.04,0.0330705283325498
6.30_794.57,0.126475672769448
6.30_805.99,0.0404493706323819
6.30_955.97,0.0266540370639142
6.31_819.64,0.0405036036671903
6.32_769.62,0.0349894402343757
6.32_772.59,0.0524257148459544
6.32_843.66,0.0267428524553606
6.32_846.62,0.0438871011672601
6.32_925.66,0.038936675814677
6.33_123.90,0.0952843971013673
6.33_822.58,0.0334395488967243
6.33_928.62,0.0363356819962782
6.35_701.53,0.0374133753206016
6.36_957.97,0.0397497920475997
6.38_546.55,0.0165629792438247
6.38_718.54,0.0586707690277583
6.40_651.52,0.0903503853764104
6.41_114.94,0.0704911339908751
6.41_872.64,0.0441479230920655
6.42_602.51,0.0703566396846945
6.42_624.56,0.118968142306451
6.42_652.52,0.0739911120322043
6.42_752.56,0.0704543506516408
6.43_600.51,0.0814437568983313
6.45_744.56,0.070239345370054
6.45_845.67,0.0425847227572219
6.46_627.48,0.0328155248501218
6.46_651.52,0.0571590143917652
6.46_820.65,0.0440540645058583
6.47_114.94,0.0367056784494488
6.47_790.60,0.0908006301898508
6.47_814.64,0.0948435669105892
6.47_819.66,0.980751102515033
6.47_831.66,0.0489872480532796
6.52_114.94,0.0345245795630139
6.52_653.49,0.0504778342744362
6.52_655.49,0.046953022682104
6.52_677.54,0.0612696346499374
6.53_819.65,0.124146181635773
6.53_842.63,0.0785591575408186
6.54_871.69,0.0520302539886276
6.54_939.68,0.0676051739391477
6.55_857.68,0.0601669388982811
6.55_872.69,0.0704034131845133
6.57_1003.96,0.0300296242637476
6.57_674.46,0.835419683652714
6.57_816.61,0.10620134086184
6.58_119.04,0.0184400896043557
6.58_831.66,0.0562175004675249
6.58_913.66,0.0579811520880918
6.58_955.97,0.0208875146496501
6.60_114.94,0.0468504904358084
6.60_778.58,0.0592647146848488
6.60_982.99,0.0204466986895199
6.61_1019.95,0.0143201016140135
6.61_805.99,0.0163496697788599
6.64_602.53,0.423955086383674
6.64_955.97,0.01191519668408
6.66_723.54,0.43604922151921
6.66_857.68,0.0539640818620371
6.66_939.68,0.0558995161409348
6.70_1003.96,0.0168795915857181
6.70_1019.95,0.0204151859341813
6.71_119.04,0.0136381957368123
6.71_423.42,0.081792585119218
6.71_805.99,0.0239388854105713
6.71_955.97,0.0195318449647331
6.73_982.99,0.0228930181861546
6.74_908.67,0.0366055268603876
6.76_882.66,0.0361386478329621
6.78_114.94,0.0329193208631933
6.78_728.56,0.0259703249061946
6.79_1003.96,0.0312090891961597
6.79_1019.95,0.013015296169083
6.79_778.58,0.0239068922938009
6.79_805.99,0.0316882732570606
6.79_886.70,0.733740221770562
6.79_955.97,0.0125231221804622
6.81_847.65,0.146873577433262
6.85_1036.70,0.15947910784771
6.86_1003.96,0.0367458221149805
6.86_1019.95,0.0401618707899911
6.86_726.58,0.0569321778278376
6.86_805.99,0.0247565550334062
6.86_849.65,0.038387078114764
6.86_929.65,0.0492105421587084
6.86_955.97,0.0274416935625477
6.87_123.90,0.0629883703118236
6.87_848.65,0.0308429699208771
6.87_871.69,0.0291041635132219
6.88_1035.69,0.0278839770608005
6.88_847.66,0.107722269567456
6.89_953.69,0.0414871343849255
6.90_797.65,0.0370787765400666
6.91_1019.95,0.0255807343240806
6.91_681.51,0.157957637214136
6.91_754.57,0.0736526309758877
6.91_769.62,0.0859553697420142
6.91_771.64,0.0201396379126504
6.91_821.63,0.0311704555309252
6.91_823.63,0.0349900239455456
6.91_845.68,0.0225614791724888
6.91_860.64,0.447252679890721
6.92_377.27,0.0331995572254199
6.92_861.64,0.36407283684659
6.93_1003.96,0.0323891311224973
6.93_797.59,0.0764850907516995
6.95_927.68,0.0282664674235758
6.97_1009.68,0.0475249219215086
6.97_114.94,0.0831510678349538
6.98_873.70,0.0620406482351551
6.99_1035.69,0.0301089554703962
6.99_631.49,0.0689431824368734
6.99_871.69,0.0493457620612573
6.99_954.69,0.0272990481288636
7.00_653.54,0.0930585481935154
7.01_1003.96,0.0234300404472507
7.01_1019.95,0.0242221428800376
7.01_119.04,0.016094341060335
7.01_805.99,0.0301409971304094
7.01_847.65,0.0621389199582367
7.01_848.65,0.0455557512625617
7.02_281.25,0.0919089178411199
7.03_629.49,0.061063034759174
7.03_630.49,0.0670115994597916
7.03_797.65,0.0286937205134647
7.03_953.69,0.0283949825460207
7.04_114.94,0.0386055531437171
7.05_656.51,0.0465034004794773
7.06_679.55,0.0749822889680295
7.08_847.65,0.0585630819040861
7.08_885.71,0.0462644192291061
7.09_654.56,0.0543362792916924
7.09_655.51,0.0663304704862942
7.09_678.60,0.647461166999772
7.10_114.94,0.0378990742571042
7.10_630.54,0.207259553221736
7.10_845.65,0.663411685095796
7.10_868.69,0.0746686398610909
7.10_874.71,0.0883054255668773
7.11_655.56,0.0692220013112911
7.11_844.64,0.0692326707838722
7.11_860.69,0.131276026677985
7.12_1019.95,0.0233014603500163
7.12_652.59,0.111389636860217
7.12_848.69,0.572083515327571
7.12_859.69,0.0353291226400271
7.13_1003.96,0.035337220829229
7.13_119.04,0.0222415398425566
7.13_123.90,0.0815875761015014
7.13_805.99,0.028098574738771
7.13_818.63,0.206774924992542
7.13_821.64,0.210399036817132
7.13_842.67,0.30279799121139
7.14_654.56,0.0661924052135821
7.14_955.97,0.0137195259552643
7.14_982.99,0.0199824676156276
7.15_527.45,0.218534169104075
7.15_678.60,0.120336917505574
7.15_820.64,0.0535093342610726
7.15_873.71,0.0568807407597774
7.15_874.71,0.0615422715554875
7.16_628.54,0.0714140664176915
7.17_860.69,0.0632374801844726
7.18_1003.95,0.0219611519252813
7.18_842.67,0.0699150696624148
7.18_847.69,0.202711456755492
7.19_656.56,0.116428205785385
7.19_818.63,0.0629741327246224
7.21_678.60,0.450836541799752
7.21_844.64,0.0942528486838228
7.22_656.56,0.0577264113535521
7.22_680.58,0.0703253810528825
7.23_1023.70,0.334282776785542
7.23_704.62,0.0858687134435647
7.23_785.65,0.358140349050236
7.23_885.70,0.0763358550737875
7.24_861.71,0.826344403243064
7.24_941.69,0.0560830214143046
7.25_654.56,0.0439945427593372
7.25_942.69,0.0375073771950512
7.27_981.02,0.0231448640298122
7.28_1003.96,0.0256168883649075
7.28_1019.95,0.0237241382356954
7.28_805.99,0.0225154448826985
7.28_835.64,0.0323184281251597
7.28_859.69,0.0481406584526852
7.29_119.04,0.0183556438834943
7.29_955.97,0.0184532152096698
7.33_956.97,0.0442775106268163
7.34_983.99,0.0176666080647858
7.36_119.04,0.0228333833301013
7.37_1003.96,0.0236706604954294
7.37_1019.95,0.0205516408555237
7.37_805.99,0.0165536048486899
7.37_955.97,0.0193628963138414
7.38_630.56,0.123121725407505
7.39_700.60,0.302233536932603
7.41_936.70,0.0551533802897338
7.42_668.57,0.0784974229459666
7.44_1003.96,0.0234214077478849
7.44_1019.95,0.0177748545294694
7.44_805.99,0.0294416293750312
7.44_955.97,0.0228032254810792
7.44_982.99,0.0165062331712663
7.45_666.60,0.261289892115125
7.45_856.69,0.49159167386077
7.45_899.72,0.14181322876522
7.46_642.56,0.233142295656485
7.46_832.64,0.332605064332139
7.47_833.64,0.464110576704639
7.48_980.02,0.0151768347718181
7.49_957.97,0.018072893099778
7.50_1003.96,0.0318429815001665
7.50_1019.95,0.0113935581545493
7.50_805.99,0.0269792537927492
7.50_982.99,0.020531968357856
7.51_642.56,0.083974669161621
7.52_832.64,0.0668991541904976
7.52_856.69,0.0721697753325978
7.52_955.97,0.018829577795468
7.54_119.04,0.0246161121478416
7.54_668.57,0.047109029373709
7.54_692.62,0.157826761816613
7.55_670.57,0.0705575200722688
7.56_799.67,0.478974413764805
7.56_873.71,0.596286699885749
7.56_931.66,0.196673498039087
7.56_955.71,0.516628532773352
7.56_983.99,0.0325473261056604
7.58_957.97,0.0304986199102983
7.59_862.65,0.398233589241984
7.61_1037.71,0.0402792762783001
7.61_799.67,0.03944437637857
7.61_849.66,0.0297671231689567
7.61_873.71,0.0397765892907282
7.61_955.71,0.03881316927978
7.66_1003.96,0.0242174012013619
7.66_1019.95,0.0166626610831011
7.66_805.99,0.0253221105085297
7.66_955.97,0.0209297372800627
7.67_119.04,0.0336290365862
7.73_955.97,0.0205758540174981
7.74_646.61,0.508032088175551
7.74_682.59,0.14215425124044
7.74_706.63,0.717281693161307
7.74_709.61,0.166503226671499
7.77_887.72,0.326662626241408
7.78_620.60,0.215010004348673
7.78_656.58,0.113568524221239
7.78_680.62,0.479856532716399
7.78_846.66,0.220783562370069
7.78_870.70,0.493879721780096
7.79_1003.96,0.0199316100603013
7.79_1019.95,0.0189463061517415
7.79_709.61,0.0561489807609595
7.79_875.72,0.0678427799960911
7.79_955.97,0.0222437158514181
7.80_646.61,0.0667372697211175
7.80_682.59,0.0639934832450392
7.80_706.64,0.0859508534131086
7.82_887.72,0.0421198867924924
7.83_1021.95,0.0284698969461123
7.83_656.58,0.0490622889624757
7.83_680.62,0.0630726311030605
7.83_805.98,0.036191413370755
7.84_684.59,0.0628954557255752
7.84_846.66,0.059033615542267
7.84_870.70,0.0469322201888383
7.86_682.59,0.077843521200857
7.86_706.63,0.0976501371548797
7.87_1019.95,0.0187738866507821
7.89_684.59,0.0385467375388772
7.91_706.64,0.0320572310160991
7.92_682.59,0.0328230737784069
7.96_685.61,0.576353229660433
7.96_686.61,0.339107719098941
7.97_708.65,0.303150876052341
7.99_660.59,0.697576299794215
8.00_658.59,0.336369000298873
8.00_670.59,0.0728399494392537
8.00_682.64,0.356090502586051
8.02_114.94,0.0435538582720863
8.02_684.61,0.0662529642302985
8.02_708.65,0.0852497427606672
8.03_685.61,0.0785820674212415
8.03_686.60,0.0597046608057914
8.04_670.59,0.0906647057803166
8.05_694.64,0.0451529084105116
8.06_658.59,0.0433426708994128
8.06_682.63,0.0463014069342259
8.07_1003.96,1.04480545383984
8.07_1019.95,1.12697891778872
8.07_119.04,0.0474065732903427
8.07_805.99,0.846746076050349
8.07_955.97,0.879750991610687
8.08_697.61,0.101612129492492
8.09_672.59,0.100659264111232
8.10_670.59,0.376192918601976
8.10_694.64,0.266057704499354
8.14_980.02,0.103490821887474
8.15_1003.96,0.117576678962795
8.16_1019.95,0.0978461010378115
8.16_670.59,0.0468332149383828
8.16_694.64,0.0292238799549432
8.16_955.97,0.0738258255180514
8.17_805.99,0.0765338526832241
8.18_119.04,0.0426349567677008
8.23_119.04,0.0329816516576202
8.23_777.59,0.095490218180544
8.23_982.99,0.0441848146838681
8.24_1003.96,0.0547125989656052
8.24_1019.95,0.0419845259083516
8.24_805.99,0.10597879417267
8.24_819.64,0.262094561695144
8.24_955.97,0.0514104073782725
8.31_672.61,0.169535402141624
8.31_777.59,0.0292641616563536
8.31_955.97,0.0415535512656075
8.32_684.61,0.326985260110869
8.32_708.65,0.165344962928555
8.33_819.64,0.0454158025635314
8.38_712.63,0.129425285430371
8.40_648.63,0.470427562648221
8.40_684.61,0.262475203347773
8.40_708.65,0.643896788579376
8.41_711.63,0.194764919719701
8.41_808.61,0.33876311417593
8.42_710.66,0.687386619899412
8.43_982.99,0.0299758037642795
8.45_955.97,0.0397100090024934
8.46_1003.96,0.0538019430451676
8.46_1019.95,0.0339930847107182
8.46_708.65,0.0822726541531575
8.46_805.99,0.0388954686843178
8.47_648.63,0.0795140486425058
8.47_684.61,0.0219663245512046
8.47_711.63,0.0588016318214387
8.50_983.99,0.0385759291070665
8.59_698.62,0.401556863455731
8.59_722.67,0.370205407048698
8.61_686.62,0.295009314008576
8.61_710.67,0.368913100637084
8.62_700.62,0.345550441335454
8.64_698.62,0.0607705820764201
8.65_722.66,0.0788903536206336
8.65_955.97,0.0358453631626491
8.67_1019.95,0.0449446687155494
8.67_686.62,0.0561564195013949
8.68_119.04,0.0198475970253122
8.68_688.62,0.0412545303073923
8.68_710.67,0.0663998148528295
8.68_805.99,0.0582450587039431
8.68_947.76,0.114906501298532
8.69_1003.96,0.0386318082873217
8.69_698.62,0.0603250775219026
8.78_955.97,0.0224527860207525
8.81_980.02,0.0499129462159208
8.81_982.99,0.0440845172726098
8.83_957.97,0.0332842844646208
8.86_1003.96,0.0475495785647601
8.86_1019.95,0.0223790238131428
8.86_805.99,0.0337183848322995
8.87_955.97,0.0207381964220334
8.98_712.64,0.11223224620828
8.98_736.68,0.175291792116835
9.04_955.97,0.0198745965927399
9.04_982.99,0.0391136482007865
9.06_1003.96,0.0302170340500239
9.06_1019.95,0.0514620151142983
9.06_805.99,0.053471098245121
9.09_119.04,0.0240866353233299
9.09_955.97,0.0273244230653746
9.13_983.99,0.0392171615764701
9.16_955.97,0.018251553533322
9.25_982.99,0.0174859494087233
9.26_1019.95,0.0374644079425197
9.26_119.04,0.0217305474511384
9.27_805.99,0.0451312859601983
9.27_955.97,0.0221585998078043
9.28_1003.96,0.0300945124827899
9.30_982.99,0.0229096359663175
9.35_1019.95,0.030225371922712
9.35_119.04,0.0289061534145633
9.35_805.99,0.0212988131466699
9.36_1003.96,0.0342733320596023
9.37_955.97,0.0240080121678114
9.45_1003.96,0.0533074679485702
9.45_1019.95,0.0372938741226736
9.45_955.97,0.0263020238280049
9.46_805.99,0.0371891665318838
9.49_955.97,0.0188471286004196
9.85_805.99,0.0322529028927266
9.87_1019.95,0.0158562250463427
9.87_119.04,0.0317431352735648
9.87_377.27,0.07518375105093
9.88_955.97,0.0335728744939665
9.89_125.90,0.0666699247274869
9.91_1003.95,0.0228746045773086
9.91_1021.95,0.0270800719743591
9.96_125.90,0.0648489369588551
